{"cameraMode":{"drawMode":0,"name":"Shaded","section":"Shading Mode"},"sceneLighting":true,"audioPlay":false,"sceneViewState":{"showFog":true,"showMaterialUpdate":false,"showSkybox":true,"showFlares":true,"showImageEffects":true,"showParticleSystems":true},"in2DMode":false,"pivot":{"x":-3.2051327228546144,"y":1.8879814147949219,"z":-15.758691787719727},"rotation":{"x":-0.005564631428569555,"y":0.9917354583740234,"z":-0.11958328634500504,"w":-0.046148814260959628},"size":29.949026107788087,"orthographic":false}